{
  "kaggle_test": {
    "accuracy": 0.9994880546075086,
    "f1": 0.9994416527079844,
    "ece": 0.00024491541418204625,
    "confusion_matrix": [
      [
        3172,
        3
      ],
      [
        0,
        2685
      ]
    ]
  },
  "liar_test": {
    "accuracy": 0.6282557221783741,
    "f1": 0.596401028277635,
    "ece": 0.1216063279755584,
    "confusion_matrix": [
      [
        448,
        266
      ],
      [
        205,
        348
      ]
    ]
  },
  "fnn_test": {
    "accuracy": 0.8220411663807891,
    "f1": 0.7344849648112604,
    "ece": 0.09090439065345157,
    "confusion_matrix": [
      [
        1343,
        212
      ],
      [
        203,
        574
      ]
    ]
  }
}